Product Name,Dosage Form,Positives,Negatives,Age-Based Usage,Not Recommended For,Sustainability,Safety / Data Note
Shatavari Wellness Powder,Powder / Churna,Potential adaptogenic/reproductive-wellness support; traditionally used for female wellness and general nourishment.,Evidence for many claimed benefits is limited; may cause stomach upset or allergy; product quality and dose vary.,"18+: use only the labeled serving. 12-17: only if the product label permits and a clinician/guardian approves. Under 12: avoid unless specifically prescribed by a pediatric clinician.",Pregnancy or breastfeeding unless a clinician approves; people with hormone-sensitive conditions or allergies to the ingredients should seek medical advice first.,Powder has no added transport water and can be relatively efficient to ship. Prefer recyclable/refill packaging and responsibly sourced shatavari.,Exact ingredients and concentration are unknown from the product name; do not assign a fixed dose without the label.
Ashwagandha Stress Relief Powder,Powder / Churna,May help with perceived stress and sleep in some adults; ashwagandha has some human evidence for these uses.,"May cause drowsiness, stomach upset, or diarrhea; rare liver injury has been reported; may affect thyroid function and interact with medicines.","18+: follow the product label. 12-17: avoid unless a clinician recommends it. Under 12: not recommended.","Pregnant or breastfeeding people; people with thyroid, autoimmune, or liver disorders unless medically cleared; people taking sedatives, thyroid medicines, immunosuppressants, or other interacting medicines.","Dry powder can reduce shipping weight compared with liquids. Prefer bulk/refill packs, recyclable containers, and verified responsible sourcing.",Exact dose/extract strength is unknown; adult use should follow the actual product label.
Ashwagandha Herbal Tea,Powder / Churna,Warm herbal beverage; may provide mild relaxation depending on amount of ashwagandha used.,Evidence is weaker for tea preparations than standardized extracts; may cause stomach upset or drowsiness; rare liver injury has been reported.,"18+: prepare only according to the label. 12-17: use only if specifically permitted by the label and clinician guidance. Under 12: avoid unless advised by a pediatric clinician.","Pregnancy/breastfeeding unless approved by a clinician; thyroid, autoimmune, or liver conditions; people taking medicines that may interact with ashwagandha.",Tea/powder can be lower-weight than ready-to-drink beverages. Prefer loose/refill formats and recyclable paper or metal packaging.,The exact amount of ashwagandha per serving is unknown.
Aloe Vera Digestive Juice,Syrup,Aloe preparations are traditionally used for digestive purposes; some aloe products may have laxative effects.,"Oral aloe latex/aloin can cause diarrhea, cramps, dehydration and electrolyte problems; long-term or high-dose use can be harmful.","18+: only use if the product is specifically formulated for oral use and follow the label. Children: do not use as a digestive/laxative product unless a pediatric clinician recommends it.","Pregnancy/breastfeeding; children unless medically advised; people with bowel obstruction, unexplained abdominal pain, kidney disease, or electrolyte problems; people taking medicines affected by potassium loss.","Liquid products transport substantial water and need bottles. Prefer concentrated/refillable formats, recyclable packaging, and sustainably cultivated aloe.",Confirm whether the product is decolorized/low-aloin and intended for oral use before making a health claim.
Shatavari Women's Health Capsules,Capsule,Traditionally used for women's reproductive wellness; may offer supportive benefits depending on formulation.,Human evidence is limited; possible gastrointestinal upset or allergy; herbal products vary in purity and dose.,18+: follow label dose. Under 18: use only under clinician guidance.,Pregnancy/breastfeeding unless clinician-approved; people with hormone-sensitive conditions or relevant medication interactions should seek medical advice.,"Capsules require extra packaging and capsule material. Prefer recyclable bottles, minimal packaging, refill packs and responsibly sourced botanicals.",Do not infer a therapeutic dose from the product name alone.
Brahmi Brain Wellness Syrup,Syrup,"Brahmi may refer to Bacopa monnieri; some studies suggest possible support for memory/attention, but evidence is not definitive.","May cause nausea, abdominal discomfort or diarrhea; may interact with medicines; product identity can be ambiguous because 'brahmi' can refer to different plants.",18+: follow label. Under 18: only if the exact formulation is labeled for that age and a clinician approves.,"Pregnancy/breastfeeding unless approved; people with slow heart rate, thyroid concerns, gastrointestinal disorders, or medication interactions should seek medical advice.",Syrups are water-heavy to transport. Prefer recyclable/refillable bottles and responsibly cultivated botanicals.,Verify the botanical species and active ingredients before making product-specific claims.
Amla Immunity Juice,Syrup,Amla is a source of vitamin C and polyphenols; may support normal antioxidant and nutritional intake.,Acidic products may irritate the stomach or teeth; added sugar may be high in some formulations; 'immunity boosting' is not guaranteed.,18+: follow label. Children/adolescents: only if the label gives an age-appropriate serving and ingredients are suitable; otherwise ask a pediatric clinician.,People with relevant allergies or diets requiring sugar restriction should check the label; concentrated products may not suit people with sensitive stomachs.,"Juice/syrup is water-heavy for transport. Prefer concentrated formulations, recyclable bottles, local sourcing where practical and low-waste packaging.",Vitamin C content and sugar level cannot be determined from the product name.
Brahmi Memory Support Capsules,Capsule,"If based on Bacopa monnieri, may modestly support memory/attention after sustained use in some adults.",Possible gastrointestinal upset; may interact with medicines; evidence is not conclusive and product quality varies.,18+: follow label. Under 18: only under clinician guidance and only if the label permits.,"Pregnancy/breastfeeding unless approved; people with thyroid, gastrointestinal, heart-rate or medication concerns should consult a clinician.",Capsules and bottles create more packaging than loose powder. Prefer recyclable/refill packaging and responsibly sourced Bacopa.,Confirm that 'Brahmi' means Bacopa monnieri in the actual formulation.
Turmeric Curcumin Powder,Powder / Churna,Turmeric/curcumin provides antioxidant compounds; curcumin has been studied for inflammatory and joint-related outcomes.,May cause gastrointestinal symptoms; concentrated curcumin products can interact with medicines and have been linked to liver injury in some cases; turmeric may increase bleeding risk with some medicines.,18+: use as directed on the label. Under 18: culinary amounts may differ from supplement use; concentrated supplementation should be clinician-guided.,"People with gallbladder/bile-duct problems, liver disease, bleeding disorders, or those taking anticoagulant/antiplatelet medicines should seek medical advice before concentrated use.","Dry powder is comparatively transport-efficient. Prefer locally/ethically sourced turmeric, refill packs and recyclable packaging.",Food-level turmeric and concentrated curcumin supplements are not equivalent.
Neem Herbal Soap,Bhasma,"If used topically as a soap, neem-containing formulations may provide cleansing and may be suitable for some oily/acne-prone skin types.",Can dry or irritate sensitive skin; fragrance or botanical ingredients may trigger contact dermatitis; neem is not a substitute for medical acne treatment.,Adults: use externally as directed. Children: use only if the formulation is labeled for their age; avoid eyes and broken skin.,People with known neem/ingredient allergies or significant eczema/irritated skin unless advised by a clinician.,"Solid soap generally requires less water to transport than liquid cleansers. Prefer paper packaging, palm-oil transparency, responsibly sourced neem and minimal wrapping.",The listed form 'Bhasma' is unusual for a soap; verify the actual formulation and intended route of use.
Shatavari Herbal Tea,Powder / Churna,Traditional herbal beverage associated with shatavari-based wellness support.,Evidence for specific health claims is limited; may cause digestive upset or allergy.,18+: prepare according to label. Under 18: only with clinician guidance and an age-appropriate label.,Pregnancy/breastfeeding unless clinician-approved; people with relevant allergies or hormone-sensitive conditions should seek advice.,"Dry tea/powder is relatively efficient to transport. Prefer loose/refill packs, recyclable paper/metal packaging and responsible cultivation.",Exact serving size and botanical concentration are unknown.
Ashwagandha Recovery Capsules,Capsule,"May support perceived stress and sleep in some adults; may be marketed for recovery, but evidence for athletic recovery is limited.",Possible drowsiness and gastrointestinal effects; rare liver injury; potential thyroid and drug interactions.,18+: follow label. Under 18: not recommended unless a clinician specifically advises it.,"Pregnancy/breastfeeding; liver, thyroid or autoimmune conditions without medical clearance; people taking interacting medicines.",Capsules use more packaging than bulk powders. Prefer refill/recyclable containers and responsible botanical sourcing.,Do not assume a standardized extract or dose from the product name.
FLOWTEST Polyherbal Capsules,Capsule,Potential benefits depend entirely on the herbs and doses in the blend; polyherbal formulas may combine several traditional ingredients.,"Multiple ingredients increase the possibility of interactions, allergies and uncertain dosing; evidence for the finished blend may be limited.",18+: only according to the exact label. Under 18: avoid unless specifically formulated and clinician-approved.,Pregnancy/breastfeeding and people taking prescription medicines unless a clinician reviews the complete ingredient list.,"Multi-ingredient capsules can have higher packaging and processing needs. Prefer transparent sourcing, recyclable packaging and minimal over-packaging.",Product-specific positives/negatives cannot be validated without the full ingredient list.
Amla Antioxidant Capsules,Capsule,Amla provides polyphenols and vitamin C; may support normal antioxidant/nutritional intake.,May cause gastrointestinal discomfort; concentrated extracts may differ substantially from food-level amla.,18+: follow label. Under 18: use only if the label permits and a clinician approves.,People with relevant allergies or medication/dietary restrictions should review the ingredient list with a clinician.,Capsules require packaging and processing. Prefer recyclable/refill bottles and responsibly cultivated amla.,Vitamin C and extract concentration are unknown without the label.
Cinnamon Digestive Tea,Powder / Churna,Cinnamon tea can be a flavorful beverage and may have digestive/warming traditional uses.,"Large or frequent amounts of cassia cinnamon can increase coumarin exposure, which may affect the liver; can irritate sensitive stomachs.",Adults: use as a beverage according to label. Children: small culinary amounts differ from concentrated herbal preparations; avoid concentrated use without pediatric guidance.,People with liver disease or those consuming large amounts of cinnamon regularly should seek medical advice; check interactions if using medicines.,"Dry spice is relatively transport-efficient. Prefer responsibly sourced cinnamon, recyclable packaging and refill formats.",Species matters: Ceylon and cassia cinnamon have different coumarin levels.
Amla Herbal Powder,Powder / Churna,Amla powder provides plant polyphenols and can contribute to dietary antioxidant intake.,Acidic/tart powder may cause stomach discomfort in some people; evidence for specific therapeutic claims is limited.,18+: use according to label. Under 18: only with an age-appropriate label and clinician guidance for supplemental use.,People with relevant allergies or sensitive gastrointestinal conditions should use caution; review interactions if taking medicines.,Dry powder is relatively efficient to transport. Prefer responsibly grown amla and recyclable/refill packaging.,Do not infer a therapeutic dose from the name alone.
Turmeric Wellness Capsules,Capsule,Curcumin/turmeric provides antioxidant compounds and has been studied for joint and inflammatory outcomes.,Can cause gastrointestinal effects; concentrated products may interact with medicines and have been associated with liver injury in some users.,18+: follow label. Under 18: concentrated curcumin supplementation should be clinician-guided.,"People with liver or gallbladder/bile-duct disease, bleeding concerns, or those taking anticoagulant/antiplatelet medicines should consult a clinician first.",Capsules use more packaging than bulk powder. Prefer recyclable/refill containers and responsible turmeric sourcing.,Exact curcumin concentration and absorption-enhancing ingredients are unknown.
Turmeric Golden Milk Mix,Powder / Churna,Provides turmeric in a convenient beverage mix; may contribute antioxidant compounds depending on formulation.,"Some mixes contain added sugar, dairy or allergens; concentrated curcumin can cause GI effects or interactions.",18+: prepare according to label. Children: use as a food only when the ingredient list and serving are age-appropriate; avoid concentrated supplement-style doses without guidance.,"People with turmeric/ingredient allergies, liver or gallbladder/bile-duct problems, or relevant medicine interactions should seek advice.","Dry mixes are easier to transport than ready-made drinks. Prefer refill packs, recyclable packaging and responsibly sourced ingredients.","Check the full ingredient list for sugar, dairy, pepper/piperine and other additives."
Amla Digestive Tea,Powder / Churna,Amla-based herbal beverage; may provide polyphenols and vitamin C depending on the preparation.,Acidity may cause stomach discomfort; specific digestive benefits are not guaranteed.,Adults: prepare according to label. Children: only if the label explicitly supports their age and serving.,People with relevant allergies or significant gastrointestinal sensitivity should use caution.,Dry tea/powder is relatively efficient to transport. Prefer loose/refill packaging and responsibly sourced amla.,Exact amla concentration and added ingredients are unknown.
Aloe Vera Skin Care Gel,Oil / Talia,Topical aloe gel may soothe and moisturize some skin; commonly used for minor skin irritation and dryness.,"Some formulations contain alcohol, fragrance or preservatives that can irritate skin; allergy/contact dermatitis is possible.",Adults: apply externally as directed and patch-test first. Children: use only if the formulation is labeled for their age; keep away from eyes and mouth.,People with known allergy to aloe or other ingredients; do not apply to deep wounds or severe burns unless medically directed.,"Topical gels are mostly water and therefore heavier to transport. Prefer recyclable/recycled packaging, refill options and responsibly sourced aloe.",The listed form 'Oil / Talia' conflicts with the product name; verify whether this is actually a topical gel or an oil before use.
